"maturity_score","n","pct"
"2",2,2.27272727272727
"4",86,97.7272727272727
