"country_region","n","D1","D2","D3","D4","D1_pct","D2_pct","D3_pct","D4_pct"
"USA",38,38,38,38,38,100,100,100,100
"UK",10,10,10,10,10,100,100,100,100
"Australia",9,8,8,9,9,88.8888888888889,88.8888888888889,100,100
"Canada",3,3,3,3,3,100,100,100,100
"France",3,2,3,3,2,66.6666666666667,100,100,66.6666666666667
"Singapore",2,2,2,2,2,100,100,100,100
"Denmark",1,1,1,1,1,100,100,100,100
"Japan",1,1,1,1,1,100,100,100,100
"Norway",1,1,1,1,1,100,100,100,100
"Sweden",1,1,1,1,1,100,100,100,100
