"n","slope_rank","slope_se","slope_t","slope_p","intercept","r_squared","adj_r_squared"
88,-0.00096660070132115,0.00110156975606959,-0.877475707730024,0.382673063252026,4.00196380940458,0.00887361922898894,-0.00265110612881347
