"scenario","n_top100_numeric","n_adopters","n_linked_to_pass","n_full_stack","spearman_rho_ord_rank","spearman_p","pointbiserial_r_cf_rank","pointbiserial_p"
"baseline",100,26,17,6,0.143241199996219,0.155099978811529,0.141587364441173,0.159972996515808
"conservative",100,26,4,1,0.129154737776292,0.200305813197789,0.141587364441173,0.159972996515808
"expansive",100,26,19,8,0.126842482845337,0.208549507522584,0.141587364441173,0.159972996515808
